--
-- PostgreSQL database dump
--

\restrict IjBtZlCI5hUpQuHdGhji4CrSfuwlvanhCzqxJOrdiesJdD70USQ4gtf5oR8HYXD

-- Dumped from database version 18.3
-- Dumped by pg_dump version 18.3

SET statement_timeout = 0;
SET lock_timeout = 0;
SET idle_in_transaction_session_timeout = 0;
SET transaction_timeout = 0;
SET client_encoding = 'UTF8';
SET standard_conforming_strings = on;
SELECT pg_catalog.set_config('search_path', '', false);
SET check_function_bodies = false;
SET xmloption = content;
SET client_min_messages = warning;
SET row_security = off;

SET default_tablespace = '';

SET default_table_access_method = heap;

--
-- Name: appointments; Type: TABLE; Schema: public; Owner: postgres
--

CREATE TABLE public.appointments (
    id uuid NOT NULL,
    created_at timestamp with time zone NOT NULL,
    updated_at timestamp with time zone NOT NULL,
    starts_at timestamp with time zone NOT NULL,
    ends_at timestamp with time zone NOT NULL,
    status character varying(20) NOT NULL,
    reason text NOT NULL,
    booked_by_id uuid NOT NULL,
    patient_id uuid NOT NULL,
    provider_id uuid NOT NULL
);


ALTER TABLE public.appointments OWNER TO postgres;

--
-- Name: auth_group; Type: TABLE; Schema: public; Owner: postgres
--

CREATE TABLE public.auth_group (
    id integer NOT NULL,
    name character varying(150) NOT NULL
);


ALTER TABLE public.auth_group OWNER TO postgres;

--
-- Name: auth_group_id_seq; Type: SEQUENCE; Schema: public; Owner: postgres
--

ALTER TABLE public.auth_group ALTER COLUMN id ADD GENERATED BY DEFAULT AS IDENTITY (
    SEQUENCE NAME public.auth_group_id_seq
    START WITH 1
    INCREMENT BY 1
    NO MINVALUE
    NO MAXVALUE
    CACHE 1
);


--
-- Name: auth_group_permissions; Type: TABLE; Schema: public; Owner: postgres
--

CREATE TABLE public.auth_group_permissions (
    id bigint NOT NULL,
    group_id integer NOT NULL,
    permission_id integer NOT NULL
);


ALTER TABLE public.auth_group_permissions OWNER TO postgres;

--
-- Name: auth_group_permissions_id_seq; Type: SEQUENCE; Schema: public; Owner: postgres
--

ALTER TABLE public.auth_group_permissions ALTER COLUMN id ADD GENERATED BY DEFAULT AS IDENTITY (
    SEQUENCE NAME public.auth_group_permissions_id_seq
    START WITH 1
    INCREMENT BY 1
    NO MINVALUE
    NO MAXVALUE
    CACHE 1
);


--
-- Name: auth_permission; Type: TABLE; Schema: public; Owner: postgres
--

CREATE TABLE public.auth_permission (
    id integer NOT NULL,
    name character varying(255) NOT NULL,
    content_type_id integer NOT NULL,
    codename character varying(100) NOT NULL
);


ALTER TABLE public.auth_permission OWNER TO postgres;

--
-- Name: auth_permission_id_seq; Type: SEQUENCE; Schema: public; Owner: postgres
--

ALTER TABLE public.auth_permission ALTER COLUMN id ADD GENERATED BY DEFAULT AS IDENTITY (
    SEQUENCE NAME public.auth_permission_id_seq
    START WITH 1
    INCREMENT BY 1
    NO MINVALUE
    NO MAXVALUE
    CACHE 1
);


--
-- Name: django_admin_log; Type: TABLE; Schema: public; Owner: postgres
--

CREATE TABLE public.django_admin_log (
    id integer NOT NULL,
    action_time timestamp with time zone NOT NULL,
    object_id text,
    object_repr character varying(200) NOT NULL,
    action_flag smallint NOT NULL,
    change_message text NOT NULL,
    content_type_id integer,
    user_id uuid NOT NULL,
    CONSTRAINT django_admin_log_action_flag_check CHECK ((action_flag >= 0))
);


ALTER TABLE public.django_admin_log OWNER TO postgres;

--
-- Name: django_admin_log_id_seq; Type: SEQUENCE; Schema: public; Owner: postgres
--

ALTER TABLE public.django_admin_log ALTER COLUMN id ADD GENERATED BY DEFAULT AS IDENTITY (
    SEQUENCE NAME public.django_admin_log_id_seq
    START WITH 1
    INCREMENT BY 1
    NO MINVALUE
    NO MAXVALUE
    CACHE 1
);


--
-- Name: django_content_type; Type: TABLE; Schema: public; Owner: postgres
--

CREATE TABLE public.django_content_type (
    id integer NOT NULL,
    app_label character varying(100) NOT NULL,
    model character varying(100) NOT NULL
);


ALTER TABLE public.django_content_type OWNER TO postgres;

--
-- Name: django_content_type_id_seq; Type: SEQUENCE; Schema: public; Owner: postgres
--

ALTER TABLE public.django_content_type ALTER COLUMN id ADD GENERATED BY DEFAULT AS IDENTITY (
    SEQUENCE NAME public.django_content_type_id_seq
    START WITH 1
    INCREMENT BY 1
    NO MINVALUE
    NO MAXVALUE
    CACHE 1
);


--
-- Name: django_migrations; Type: TABLE; Schema: public; Owner: postgres
--

CREATE TABLE public.django_migrations (
    id bigint NOT NULL,
    app character varying(255) NOT NULL,
    name character varying(255) NOT NULL,
    applied timestamp with time zone NOT NULL
);


ALTER TABLE public.django_migrations OWNER TO postgres;

--
-- Name: django_migrations_id_seq; Type: SEQUENCE; Schema: public; Owner: postgres
--

ALTER TABLE public.django_migrations ALTER COLUMN id ADD GENERATED BY DEFAULT AS IDENTITY (
    SEQUENCE NAME public.django_migrations_id_seq
    START WITH 1
    INCREMENT BY 1
    NO MINVALUE
    NO MAXVALUE
    CACHE 1
);


--
-- Name: django_session; Type: TABLE; Schema: public; Owner: postgres
--

CREATE TABLE public.django_session (
    session_key character varying(40) NOT NULL,
    session_data text NOT NULL,
    expire_date timestamp with time zone NOT NULL
);


ALTER TABLE public.django_session OWNER TO postgres;

--
-- Name: lab_orders; Type: TABLE; Schema: public; Owner: postgres
--

CREATE TABLE public.lab_orders (
    id uuid NOT NULL,
    created_at timestamp with time zone NOT NULL,
    updated_at timestamp with time zone NOT NULL,
    test_name character varying(255) NOT NULL,
    status character varying(20) NOT NULL,
    result text NOT NULL,
    patient_id uuid NOT NULL
);


ALTER TABLE public.lab_orders OWNER TO postgres;

--
-- Name: medication_orders; Type: TABLE; Schema: public; Owner: postgres
--

CREATE TABLE public.medication_orders (
    id uuid NOT NULL,
    created_at timestamp with time zone NOT NULL,
    updated_at timestamp with time zone NOT NULL,
    medication_name character varying(255) NOT NULL,
    dosage character varying(120) NOT NULL,
    frequency character varying(120) NOT NULL,
    duration_days integer NOT NULL,
    is_dispensed boolean NOT NULL,
    patient_id uuid NOT NULL,
    CONSTRAINT medication_orders_duration_days_check CHECK ((duration_days >= 0))
);


ALTER TABLE public.medication_orders OWNER TO postgres;

--
-- Name: patients; Type: TABLE; Schema: public; Owner: postgres
--

CREATE TABLE public.patients (
    id uuid NOT NULL,
    created_at timestamp with time zone NOT NULL,
    updated_at timestamp with time zone NOT NULL,
    mrn character varying(40) NOT NULL,
    first_name character varying(120) NOT NULL,
    last_name character varying(120) NOT NULL,
    date_of_birth date NOT NULL,
    sex character varying(20) NOT NULL,
    blood_group character varying(8) NOT NULL,
    phone character varying(20) NOT NULL,
    emergency_contact character varying(120) NOT NULL,
    address text NOT NULL,
    user_id uuid
);


ALTER TABLE public.patients OWNER TO postgres;

--
-- Name: token_blacklist_blacklistedtoken; Type: TABLE; Schema: public; Owner: postgres
--

CREATE TABLE public.token_blacklist_blacklistedtoken (
    id bigint NOT NULL,
    blacklisted_at timestamp with time zone NOT NULL,
    token_id bigint NOT NULL
);


ALTER TABLE public.token_blacklist_blacklistedtoken OWNER TO postgres;

--
-- Name: token_blacklist_blacklistedtoken_id_seq; Type: SEQUENCE; Schema: public; Owner: postgres
--

ALTER TABLE public.token_blacklist_blacklistedtoken ALTER COLUMN id ADD GENERATED BY DEFAULT AS IDENTITY (
    SEQUENCE NAME public.token_blacklist_blacklistedtoken_id_seq
    START WITH 1
    INCREMENT BY 1
    NO MINVALUE
    NO MAXVALUE
    CACHE 1
);


--
-- Name: token_blacklist_outstandingtoken; Type: TABLE; Schema: public; Owner: postgres
--

CREATE TABLE public.token_blacklist_outstandingtoken (
    id bigint NOT NULL,
    token text NOT NULL,
    created_at timestamp with time zone,
    expires_at timestamp with time zone NOT NULL,
    user_id uuid,
    jti character varying(255) CONSTRAINT token_blacklist_outstandingtoken_jti_hex_not_null NOT NULL
);


ALTER TABLE public.token_blacklist_outstandingtoken OWNER TO postgres;

--
-- Name: token_blacklist_outstandingtoken_id_seq; Type: SEQUENCE; Schema: public; Owner: postgres
--

ALTER TABLE public.token_blacklist_outstandingtoken ALTER COLUMN id ADD GENERATED BY DEFAULT AS IDENTITY (
    SEQUENCE NAME public.token_blacklist_outstandingtoken_id_seq
    START WITH 1
    INCREMENT BY 1
    NO MINVALUE
    NO MAXVALUE
    CACHE 1
);


--
-- Name: users; Type: TABLE; Schema: public; Owner: postgres
--

CREATE TABLE public.users (
    password character varying(128) NOT NULL,
    last_login timestamp with time zone,
    is_superuser boolean NOT NULL,
    username character varying(150) NOT NULL,
    first_name character varying(150) NOT NULL,
    last_name character varying(150) NOT NULL,
    email character varying(254) NOT NULL,
    is_staff boolean NOT NULL,
    is_active boolean NOT NULL,
    date_joined timestamp with time zone NOT NULL,
    id uuid NOT NULL,
    created_at timestamp with time zone NOT NULL,
    updated_at timestamp with time zone NOT NULL,
    role character varying(32) NOT NULL,
    phone character varying(20) NOT NULL,
    department character varying(120) NOT NULL,
    is_active_staff boolean NOT NULL,
    failed_attempts integer NOT NULL,
    locked_until timestamp with time zone,
    CONSTRAINT users_failed_attempts_check CHECK ((failed_attempts >= 0))
);


ALTER TABLE public.users OWNER TO postgres;

--
-- Name: users_groups; Type: TABLE; Schema: public; Owner: postgres
--

CREATE TABLE public.users_groups (
    id bigint NOT NULL,
    user_id uuid NOT NULL,
    group_id integer NOT NULL
);


ALTER TABLE public.users_groups OWNER TO postgres;

--
-- Name: users_groups_id_seq; Type: SEQUENCE; Schema: public; Owner: postgres
--

ALTER TABLE public.users_groups ALTER COLUMN id ADD GENERATED BY DEFAULT AS IDENTITY (
    SEQUENCE NAME public.users_groups_id_seq
    START WITH 1
    INCREMENT BY 1
    NO MINVALUE
    NO MAXVALUE
    CACHE 1
);


--
-- Name: users_user_permissions; Type: TABLE; Schema: public; Owner: postgres
--

CREATE TABLE public.users_user_permissions (
    id bigint NOT NULL,
    user_id uuid NOT NULL,
    permission_id integer NOT NULL
);


ALTER TABLE public.users_user_permissions OWNER TO postgres;

--
-- Name: users_user_permissions_id_seq; Type: SEQUENCE; Schema: public; Owner: postgres
--

ALTER TABLE public.users_user_permissions ALTER COLUMN id ADD GENERATED BY DEFAULT AS IDENTITY (
    SEQUENCE NAME public.users_user_permissions_id_seq
    START WITH 1
    INCREMENT BY 1
    NO MINVALUE
    NO MAXVALUE
    CACHE 1
);


--
-- Data for Name: appointments; Type: TABLE DATA; Schema: public; Owner: postgres
--

COPY public.appointments (id, created_at, updated_at, starts_at, ends_at, status, reason, booked_by_id, patient_id, provider_id) FROM stdin;
4e082a45-bdf0-420d-b254-6126ffaacab0	2026-04-14 01:38:32.667825+03	2026-04-14 01:38:32.667825+03	2026-04-14 01:36:23+03	2026-04-14 02:06:23+03	scheduled	Signs of fever	4dacbadf-b7c1-423a-9bee-b6ccc03953cb	36d96c89-b854-4834-bd8c-b8da03ec57ab	032c6639-2b7e-41f3-8c30-b5e1de811c1e
71bff3a7-3368-466f-b7c1-c621579aab23	2026-04-14 01:40:49.164092+03	2026-04-14 01:40:49.164092+03	2026-04-14 12:00:00+03	2026-04-14 12:30:00+03	scheduled	General checkup	4dacbadf-b7c1-423a-9bee-b6ccc03953cb	f3dfda15-0337-4d43-9bb3-7708e4010858	032c6639-2b7e-41f3-8c30-b5e1de811c1e
\.


--
-- Data for Name: auth_group; Type: TABLE DATA; Schema: public; Owner: postgres
--

COPY public.auth_group (id, name) FROM stdin;
\.


--
-- Data for Name: auth_group_permissions; Type: TABLE DATA; Schema: public; Owner: postgres
--

COPY public.auth_group_permissions (id, group_id, permission_id) FROM stdin;
\.


--
-- Data for Name: auth_permission; Type: TABLE DATA; Schema: public; Owner: postgres
--

COPY public.auth_permission (id, name, content_type_id, codename) FROM stdin;
1	Can add log entry	1	add_logentry
2	Can change log entry	1	change_logentry
3	Can delete log entry	1	delete_logentry
4	Can view log entry	1	view_logentry
5	Can add permission	3	add_permission
6	Can change permission	3	change_permission
7	Can delete permission	3	delete_permission
8	Can view permission	3	view_permission
9	Can add group	2	add_group
10	Can change group	2	change_group
11	Can delete group	2	delete_group
12	Can view group	2	view_group
13	Can add content type	4	add_contenttype
14	Can change content type	4	change_contenttype
15	Can delete content type	4	delete_contenttype
16	Can view content type	4	view_contenttype
17	Can add session	5	add_session
18	Can change session	5	change_session
19	Can delete session	5	delete_session
20	Can view session	5	view_session
21	Can add Blacklisted Token	6	add_blacklistedtoken
22	Can change Blacklisted Token	6	change_blacklistedtoken
23	Can delete Blacklisted Token	6	delete_blacklistedtoken
24	Can view Blacklisted Token	6	view_blacklistedtoken
25	Can add Outstanding Token	7	add_outstandingtoken
26	Can change Outstanding Token	7	change_outstandingtoken
27	Can delete Outstanding Token	7	delete_outstandingtoken
28	Can view Outstanding Token	7	view_outstandingtoken
29	Can add user	8	add_user
30	Can change user	8	change_user
31	Can delete user	8	delete_user
32	Can view user	8	view_user
33	Can add patient	9	add_patient
34	Can change patient	9	change_patient
35	Can delete patient	9	delete_patient
36	Can view patient	9	view_patient
37	Can add appointment	10	add_appointment
38	Can change appointment	10	change_appointment
39	Can delete appointment	10	delete_appointment
40	Can view appointment	10	view_appointment
41	Can add medication order	11	add_medicationorder
42	Can change medication order	11	change_medicationorder
43	Can delete medication order	11	delete_medicationorder
44	Can view medication order	11	view_medicationorder
45	Can add lab order	12	add_laborder
46	Can change lab order	12	change_laborder
47	Can delete lab order	12	delete_laborder
48	Can view lab order	12	view_laborder
\.


--
-- Data for Name: django_admin_log; Type: TABLE DATA; Schema: public; Owner: postgres
--

COPY public.django_admin_log (id, action_time, object_id, object_repr, action_flag, change_message, content_type_id, user_id) FROM stdin;
1	2026-04-13 11:06:28.266005+03	2aa311e1-63ff-4f03-97e7-9d5d780027d7	admin2	1	[{"added": {}}]	8	e82ada29-057e-489e-856d-a35f3dc443cb
2	2026-04-14 00:53:29.358462+03	4dacbadf-b7c1-423a-9bee-b6ccc03953cb	receptionist1	1	[{"added": {}}]	8	e82ada29-057e-489e-856d-a35f3dc443cb
3	2026-04-14 00:55:44.589232+03	032c6639-2b7e-41f3-8c30-b5e1de811c1e	doctor1	1	[{"added": {}}]	8	e82ada29-057e-489e-856d-a35f3dc443cb
4	2026-04-14 00:56:56.427271+03	dc847e8d-664c-49ed-8034-9f415def2149	Admin	3		8	e82ada29-057e-489e-856d-a35f3dc443cb
5	2026-04-14 01:04:59.845722+03	36d96c89-b854-4834-bd8c-b8da03ec57ab	Patient object (36d96c89-b854-4834-bd8c-b8da03ec57ab)	1	[{"added": {}}]	9	e82ada29-057e-489e-856d-a35f3dc443cb
6	2026-04-14 01:07:26.867496+03	f3dfda15-0337-4d43-9bb3-7708e4010858	Patient object (f3dfda15-0337-4d43-9bb3-7708e4010858)	1	[{"added": {}}]	9	e82ada29-057e-489e-856d-a35f3dc443cb
7	2026-04-14 01:09:03.741537+03	4922f74b-41b4-48f4-a212-bdac12976d5a	Patient object (4922f74b-41b4-48f4-a212-bdac12976d5a)	1	[{"added": {}}]	9	e82ada29-057e-489e-856d-a35f3dc443cb
8	2026-04-14 01:32:48.180208+03	bb5d1809-c894-49fe-98bb-589a5cd6fd9e	Alice Okello (P001) - Malaria Test	1	[{"added": {}}]	12	e82ada29-057e-489e-856d-a35f3dc443cb
9	2026-04-14 01:33:22.752825+03	7b7cd0c5-69c5-4e72-99b1-e901d1a5604d	Brian Ocen (P002) - Blood Test	1	[{"added": {}}]	12	e82ada29-057e-489e-856d-a35f3dc443cb
10	2026-04-14 01:34:48.39344+03	85012629-0da1-4275-8b66-cdb7364c01b7	Alice Okello (P001) - Paracetamol	1	[{"added": {}}]	11	e82ada29-057e-489e-856d-a35f3dc443cb
11	2026-04-14 01:35:36.409078+03	2f614160-8fc0-4c66-ae1e-54410a479c75	Brian Ocen (P002) - Amoxicillin	1	[{"added": {}}]	11	e82ada29-057e-489e-856d-a35f3dc443cb
12	2026-04-14 01:38:32.676475+03	4e082a45-bdf0-420d-b254-6126ffaacab0	Alice Okello (P001) - 2026-04-13 22:36:23+00:00	1	[{"added": {}}]	10	e82ada29-057e-489e-856d-a35f3dc443cb
13	2026-04-14 01:40:49.170882+03	71bff3a7-3368-466f-b7c1-c621579aab23	Brian Ocen (P002) - 2026-04-14 09:00:00+00:00	1	[{"added": {}}]	10	e82ada29-057e-489e-856d-a35f3dc443cb
\.


--
-- Data for Name: django_content_type; Type: TABLE DATA; Schema: public; Owner: postgres
--

COPY public.django_content_type (id, app_label, model) FROM stdin;
1	admin	logentry
2	auth	group
3	auth	permission
4	contenttypes	contenttype
5	sessions	session
6	token_blacklist	blacklistedtoken
7	token_blacklist	outstandingtoken
8	accounts	user
9	patients	patient
10	appointments	appointment
11	pharmacy	medicationorder
12	lab	laborder
\.


--
-- Data for Name: django_migrations; Type: TABLE DATA; Schema: public; Owner: postgres
--

COPY public.django_migrations (id, app, name, applied) FROM stdin;
1	contenttypes	0001_initial	2026-03-31 20:06:39.436728+03
2	contenttypes	0002_remove_content_type_name	2026-03-31 20:06:39.459548+03
3	auth	0001_initial	2026-03-31 20:06:39.545079+03
4	auth	0002_alter_permission_name_max_length	2026-03-31 20:06:39.552905+03
5	auth	0003_alter_user_email_max_length	2026-03-31 20:06:39.560236+03
6	auth	0004_alter_user_username_opts	2026-03-31 20:06:39.566309+03
7	auth	0005_alter_user_last_login_null	2026-03-31 20:06:39.575076+03
8	auth	0006_require_contenttypes_0002	2026-03-31 20:06:39.57861+03
9	auth	0007_alter_validators_add_error_messages	2026-03-31 20:06:39.590475+03
10	auth	0008_alter_user_username_max_length	2026-03-31 20:06:39.605397+03
11	auth	0009_alter_user_last_name_max_length	2026-03-31 20:06:39.629763+03
12	auth	0010_alter_group_name_max_length	2026-03-31 20:06:39.641888+03
13	auth	0011_update_proxy_permissions	2026-03-31 20:06:39.652343+03
14	auth	0012_alter_user_first_name_max_length	2026-03-31 20:06:39.660219+03
15	accounts	0001_initial	2026-03-31 20:06:39.73743+03
16	admin	0001_initial	2026-03-31 20:06:39.768659+03
17	admin	0002_logentry_remove_auto_add	2026-03-31 20:06:39.778143+03
18	admin	0003_logentry_add_action_flag_choices	2026-03-31 20:06:39.787389+03
19	sessions	0001_initial	2026-03-31 20:06:39.803006+03
20	token_blacklist	0001_initial	2026-03-31 20:06:39.848153+03
21	token_blacklist	0002_outstandingtoken_jti_hex	2026-03-31 20:06:39.859527+03
22	token_blacklist	0003_auto_20171017_2007	2026-03-31 20:06:39.881554+03
23	token_blacklist	0004_auto_20171017_2013	2026-03-31 20:06:39.89964+03
24	token_blacklist	0005_remove_outstandingtoken_jti	2026-03-31 20:06:39.912293+03
25	token_blacklist	0006_auto_20171017_2113	2026-03-31 20:06:39.928882+03
26	token_blacklist	0007_auto_20171017_2214	2026-03-31 20:06:39.98359+03
27	token_blacklist	0008_migrate_to_bigautofield	2026-03-31 20:06:40.05126+03
28	token_blacklist	0010_fix_migrate_to_bigautofield	2026-03-31 20:06:40.082215+03
29	token_blacklist	0011_linearizes_history	2026-03-31 20:06:40.086065+03
30	token_blacklist	0012_alter_outstandingtoken_user	2026-03-31 20:06:40.097996+03
31	token_blacklist	0013_alter_blacklistedtoken_options_and_more	2026-03-31 20:06:40.113353+03
32	patients	0001_initial	2026-04-13 12:27:05.687653+03
33	appointments	0001_initial	2026-04-13 12:27:05.74761+03
34	lab	0001_initial	2026-04-13 12:27:05.786529+03
35	pharmacy	0001_initial	2026-04-13 12:27:05.828468+03
\.


--
-- Data for Name: django_session; Type: TABLE DATA; Schema: public; Owner: postgres
--

COPY public.django_session (session_key, session_data, expire_date) FROM stdin;
7e01ilmi33n4kbz8l3jcr306nlcbbwy0	.eJxVjDsOgzAMQO-SuURg43wYu_cMyImdQluBxGeqevcKiaGd3-dtet63od9XXfpRTGc0AAtDrGryWrUhahXIScVIBSW3LeZkLr9Z4vzU6WjlwdN9tnmetmVM9lDsSVd7m0Vf19P9Gwy8DqYz3mPydVRELxQ1MVLyTNKAowJNcYShgC-kwCFHChRyZseQWMGjmM8XCrNBYA:1wACJU:gR9SGAr2azpAz2sSVvfTIJ7b2qIY9RhskA2mkm5NCrc	2026-04-07 22:57:16.59849+03
pm7al92eat4klzvq680iohblsh7ie0xn	.eJxVjDsOgzAMQO-SuURg43wYu_cMyImdQluBxGeqevcKiaGd3-dtet63od9XXfpRTGc0AAtDrGryWrUhahXIScVIBSW3LeZkLr9Z4vzU6WjlwdN9tnmetmVM9lDsSVd7m0Vf19P9Gwy8DqYz3mPydVRELxQ1MVLyTNKAowJNcYShgC-kwCFHChRyZseQWMGjmM8XCrNBYA:1wACTu:GyAulfUAwAsA6SDd7K_4fwW3fRM0bJB2at3MJ3J-ZWg	2026-04-07 23:08:02.808312+03
j1xyi15irsdp5me0d2gxhjsed522ymwh	.eJxVjDsOgzAMQO-SuURg43wYu_cMyImdQluBxGeqevcKiaGd3-dtet63od9XXfpRTGc0AAtDrGryWrUhahXIScVIBSW3LeZkLr9Z4vzU6WjlwdN9tnmetmVM9lDsSVd7m0Vf19P9Gwy8DqYz3mPydVRELxQ1MVLyTNKAowJNcYShgC-kwCFHChRyZseQWMGjmM8XCrNBYA:1wAMEt:mabmO_oBVikDYJav60OiZSEWt4aQfbI88W0joC5CQeY	2026-04-08 09:33:11.631827+03
dox58niiwdlhm9e6wh67suk2iqr7bpih	.eJxVjUsOgzAMBe-SdYkgxnHSZfc9A3Jip_QjkPisqt69ILFo129m3tt0vC59t846dXcxZ6PBsbCLVY2kVRuiVgG9VAxYQHLbQk7m9Kslzk8ddlcePNxGm8dhme7J7og91tleR9HX5WD_Aj3P_WYTQaI6KgAJRk3bYyJGaZzH4priEUJxVFAdhxwxYMiZPbvE6gjEfL4Ks0Fg:1wCCCC:S2c6qy71eyhLyidhjqYVYKseIGDqPnWMleI-w9O2sgk	2026-04-13 11:14:00.410088+03
cxe1sp2pefeh89231lrfngxqx1yoddrq	.eJxVjUsOgzAMBe-SdYkgxnHSZfc9A3Jip_QjkPisqt69ILFo129m3tt0vC59t846dXcxZ6PBsbCLVY2kVRuiVgG9VAxYQHLbQk7m9Kslzk8ddlcePNxGm8dhme7J7og91tleR9HX5WD_Aj3P_WYTQaI6KgAJRk3bYyJGaZzH4priEUJxVFAdhxwxYMiZPbvE6gjEfL4Ks0Fg:1wCCXV:NPHKsrh6g4HzCU7JUDb_Z-ImDNTdPmRNaAX8k6RTLOA	2026-04-13 11:36:01.972971+03
mfj9mbq3lizxbxsft0acfhxg5qz5ezhz	.eJxVjUsOgzAMBe-SdYkgxnHSZfc9A3Jip_QjkPisqt69ILFo129m3tt0vC59t846dXcxZ6PBsbCLVY2kVRuiVgG9VAxYQHLbQk7m9Kslzk8ddlcePNxGm8dhme7J7og91tleR9HX5WD_Aj3P_WYTQaI6KgAJRk3bYyJGaZzH4priEUJxVFAdhxwxYMiZPbvE6gjEfL4Ks0Fg:1wCDjh:jOYkZfJZVZsVbPpaUicKNwNapjMaJndDdjO1YBmDDRA	2026-04-13 12:52:41.761628+03
8ucrv60id1ezu35jokignaihf9edkln5	.eJxVjUsOgzAMBe-SdYkgxnHSZfc9A3Jip_QjkPisqt69ILFo129m3tt0vC59t846dXcxZ6PBsbCLVY2kVRuiVgG9VAxYQHLbQk7m9Kslzk8ddlcePNxGm8dhme7J7og91tleR9HX5WD_Aj3P_WYTQaI6KgAJRk3bYyJGaZzH4priEUJxVFAdhxwxYMiZPbvE6gjEfL4Ks0Fg:1wCOqf:USihxhEgYqct_iFofDHb5k7nkEmhmkz_wAbzg56MOmw	2026-04-14 00:44:37.176037+03
b3lxhyodb74yqnfxkrjzfhb1lc4fjyes	.eJxVjUsOgzAMBe-SdYkgxnHSZfc9A3Jip_QjkPisqt69ILFo129m3tt0vC59t846dXcxZ6PBsbCLVY2kVRuiVgG9VAxYQHLbQk7m9Kslzk8ddlcePNxGm8dhme7J7og91tleR9HX5WD_Aj3P_WYTQaI6KgAJRk3bYyJGaZzH4priEUJxVFAdhxwxYMiZPbvE6gjEfL4Ks0Fg:1wCP6B:K5EEZJuEQ-6PbVG13MN3SOLBDaAieLPQRLIxpQ-PmSo	2026-04-14 01:00:39.238823+03
6g28x1h0weyd5khzl5a5yx09fvzl4e9q	.eJxVjUsOgzAMBe-SdYkgxnHSZfc9A3Jip_QjkPisqt69ILFo129m3tt0vC59t846dXcxZ6PBsbCLVY2kVRuiVgG9VAxYQHLbQk7m9Kslzk8ddlcePNxGm8dhme7J7og91tleR9HX5WD_Aj3P_WYTQaI6KgAJRk3bYyJGaZzH4priEUJxVFAdhxwxYMiZPbvE6gjEfL4Ks0Fg:1wCPNQ:8dUxtbefMQoh4xD08dbXrXDk6S11z9x1IIsRDaCagDw	2026-04-14 01:18:28.138298+03
k1q1aoyrn1j89d89z57fhlm2e5p1n57x	.eJxVjUsOgzAMBe-SdYkgxnHSZfc9A3Jip_QjkPisqt69ILFo129m3tt0vC59t846dXcxZ6PBsbCLVY2kVRuiVgG9VAxYQHLbQk7m9Kslzk8ddlcePNxGm8dhme7J7og91tleR9HX5WD_Aj3P_WYTQaI6KgAJRk3bYyJGaZzH4priEUJxVFAdhxwxYMiZPbvE6gjEfL4Ks0Fg:1wCPoT:XQKaPnP2_sBvtiVF5tmuSKi3I4PmhL7L7tAZCj_GrPk	2026-04-14 01:46:25.271071+03
\.


--
-- Data for Name: lab_orders; Type: TABLE DATA; Schema: public; Owner: postgres
--

COPY public.lab_orders (id, created_at, updated_at, test_name, status, result, patient_id) FROM stdin;
bb5d1809-c894-49fe-98bb-589a5cd6fd9e	2026-04-14 01:32:48.172662+03	2026-04-14 01:32:48.172662+03	Malaria Test	ordered	Pending	36d96c89-b854-4834-bd8c-b8da03ec57ab
7b7cd0c5-69c5-4e72-99b1-e901d1a5604d	2026-04-14 01:33:22.752825+03	2026-04-14 01:33:22.752825+03	Blood Test	ordered	Normal	f3dfda15-0337-4d43-9bb3-7708e4010858
\.


--
-- Data for Name: medication_orders; Type: TABLE DATA; Schema: public; Owner: postgres
--

COPY public.medication_orders (id, created_at, updated_at, medication_name, dosage, frequency, duration_days, is_dispensed, patient_id) FROM stdin;
85012629-0da1-4275-8b66-cdb7364c01b7	2026-04-14 01:34:48.386727+03	2026-04-14 01:34:48.386727+03	Paracetamol	500mg	3 times daily	5	t	36d96c89-b854-4834-bd8c-b8da03ec57ab
2f614160-8fc0-4c66-ae1e-54410a479c75	2026-04-14 01:35:36.398284+03	2026-04-14 01:35:36.398284+03	Amoxicillin	250mg	2 times daily	7	t	f3dfda15-0337-4d43-9bb3-7708e4010858
\.


--
-- Data for Name: patients; Type: TABLE DATA; Schema: public; Owner: postgres
--

COPY public.patients (id, created_at, updated_at, mrn, first_name, last_name, date_of_birth, sex, blood_group, phone, emergency_contact, address, user_id) FROM stdin;
36d96c89-b854-4834-bd8c-b8da03ec57ab	2026-04-14 01:04:59.830897+03	2026-04-14 01:04:59.830897+03	P001	Alice	Okello	1995-06-12	Female	O+	0700000003	Mother 0700000004	Lira city	\N
f3dfda15-0337-4d43-9bb3-7708e4010858	2026-04-14 01:07:26.867496+03	2026-04-14 01:07:26.867496+03	P002	Brian	Ocen	1990-02-20	Male	A+	0700000005	Father 0700000006	Gulu	\N
4922f74b-41b4-48f4-a212-bdac12976d5a	2026-04-14 01:09:03.740221+03	2026-04-14 01:09:03.740221+03	P003	Sarah	Atim	2001-09-05	Female	B+	0700000007	Sister 0700000008	Lira	\N
\.


--
-- Data for Name: token_blacklist_blacklistedtoken; Type: TABLE DATA; Schema: public; Owner: postgres
--

COPY public.token_blacklist_blacklistedtoken (id, blacklisted_at, token_id) FROM stdin;
\.


--
-- Data for Name: token_blacklist_outstandingtoken; Type: TABLE DATA; Schema: public; Owner: postgres
--

COPY public.token_blacklist_outstandingtoken (id, token, created_at, expires_at, user_id, jti) FROM stdin;
\.


--
-- Data for Name: users; Type: TABLE DATA; Schema: public; Owner: postgres
--

COPY public.users (password, last_login, is_superuser, username, first_name, last_name, email, is_staff, is_active, date_joined, id, created_at, updated_at, role, phone, department, is_active_staff, failed_attempts, locked_until) FROM stdin;
1234	\N	t	admin2	Admin	User		t	t	2026-04-13 11:05:59+03	2aa311e1-63ff-4f03-97e7-9d5d780027d7	2026-04-13 11:06:28.225225+03	2026-04-13 11:06:28.225225+03	doctor	0700000000	IT	t	0	\N
1234	\N	f	receptionist1	Mary	Reception	reception@test.com	t	t	2026-04-14 00:50:24+03	4dacbadf-b7c1-423a-9bee-b6ccc03953cb	2026-04-14 00:53:29.329079+03	2026-04-14 00:53:29.329079+03	receptionist	0700000001	Reception	t	0	\N
1234	\N	f	doctor1	John	Doctor	doctor@test.com	t	t	2026-04-14 00:53:47+03	032c6639-2b7e-41f3-8c30-b5e1de811c1e	2026-04-14 00:55:44.563896+03	2026-04-14 00:55:44.563896+03	doctor	0700000002	Medical	t	0	\N
bcrypt_sha256$$2b$12$jjBK4z6HJaSURu23nlKrEO3xDPFcUuMKhc1oJBruD6GkBJM.KAgOC	2026-04-14 01:31:25.266316+03	t	admin			admin@hmis.com	t	t	2026-03-31 11:54:53.582532+03	e82ada29-057e-489e-856d-a35f3dc443cb	2026-03-31 11:54:53.863517+03	2026-03-31 11:54:53.863524+03				t	0	\N
\.


--
-- Data for Name: users_groups; Type: TABLE DATA; Schema: public; Owner: postgres
--

COPY public.users_groups (id, user_id, group_id) FROM stdin;
\.


--
-- Data for Name: users_user_permissions; Type: TABLE DATA; Schema: public; Owner: postgres
--

COPY public.users_user_permissions (id, user_id, permission_id) FROM stdin;
\.


--
-- Name: auth_group_id_seq; Type: SEQUENCE SET; Schema: public; Owner: postgres
--

SELECT pg_catalog.setval('public.auth_group_id_seq', 1, false);


--
-- Name: auth_group_permissions_id_seq; Type: SEQUENCE SET; Schema: public; Owner: postgres
--

SELECT pg_catalog.setval('public.auth_group_permissions_id_seq', 1, false);


--
-- Name: auth_permission_id_seq; Type: SEQUENCE SET; Schema: public; Owner: postgres
--

SELECT pg_catalog.setval('public.auth_permission_id_seq', 48, true);


--
-- Name: django_admin_log_id_seq; Type: SEQUENCE SET; Schema: public; Owner: postgres
--

SELECT pg_catalog.setval('public.django_admin_log_id_seq', 13, true);


--
-- Name: django_content_type_id_seq; Type: SEQUENCE SET; Schema: public; Owner: postgres
--

SELECT pg_catalog.setval('public.django_content_type_id_seq', 12, true);


--
-- Name: django_migrations_id_seq; Type: SEQUENCE SET; Schema: public; Owner: postgres
--

SELECT pg_catalog.setval('public.django_migrations_id_seq', 35, true);


--
-- Name: token_blacklist_blacklistedtoken_id_seq; Type: SEQUENCE SET; Schema: public; Owner: postgres
--

SELECT pg_catalog.setval('public.token_blacklist_blacklistedtoken_id_seq', 1, false);


--
-- Name: token_blacklist_outstandingtoken_id_seq; Type: SEQUENCE SET; Schema: public; Owner: postgres
--

SELECT pg_catalog.setval('public.token_blacklist_outstandingtoken_id_seq', 6, true);


--
-- Name: users_groups_id_seq; Type: SEQUENCE SET; Schema: public; Owner: postgres
--

SELECT pg_catalog.setval('public.users_groups_id_seq', 1, false);


--
-- Name: users_user_permissions_id_seq; Type: SEQUENCE SET; Schema: public; Owner: postgres
--

SELECT pg_catalog.setval('public.users_user_permissions_id_seq', 1, false);


--
-- Name: appointments appointments_pkey; Type: CONSTRAINT; Schema: public; Owner: postgres
--

ALTER TABLE ONLY public.appointments
    ADD CONSTRAINT appointments_pkey PRIMARY KEY (id);


--
-- Name: auth_group auth_group_name_key; Type: CONSTRAINT; Schema: public; Owner: postgres
--

ALTER TABLE ONLY public.auth_group
    ADD CONSTRAINT auth_group_name_key UNIQUE (name);


--
-- Name: auth_group_permissions auth_group_permissions_group_id_permission_id_0cd325b0_uniq; Type: CONSTRAINT; Schema: public; Owner: postgres
--

ALTER TABLE ONLY public.auth_group_permissions
    ADD CONSTRAINT auth_group_permissions_group_id_permission_id_0cd325b0_uniq UNIQUE (group_id, permission_id);


--
-- Name: auth_group_permissions auth_group_permissions_pkey; Type: CONSTRAINT; Schema: public; Owner: postgres
--

ALTER TABLE ONLY public.auth_group_permissions
    ADD CONSTRAINT auth_group_permissions_pkey PRIMARY KEY (id);


--
-- Name: auth_group auth_group_pkey; Type: CONSTRAINT; Schema: public; Owner: postgres
--

ALTER TABLE ONLY public.auth_group
    ADD CONSTRAINT auth_group_pkey PRIMARY KEY (id);


--
-- Name: auth_permission auth_permission_content_type_id_codename_01ab375a_uniq; Type: CONSTRAINT; Schema: public; Owner: postgres
--

ALTER TABLE ONLY public.auth_permission
    ADD CONSTRAINT auth_permission_content_type_id_codename_01ab375a_uniq UNIQUE (content_type_id, codename);


--
-- Name: auth_permission auth_permission_pkey; Type: CONSTRAINT; Schema: public; Owner: postgres
--

ALTER TABLE ONLY public.auth_permission
    ADD CONSTRAINT auth_permission_pkey PRIMARY KEY (id);


--
-- Name: django_admin_log django_admin_log_pkey; Type: CONSTRAINT; Schema: public; Owner: postgres
--

ALTER TABLE ONLY public.django_admin_log
    ADD CONSTRAINT django_admin_log_pkey PRIMARY KEY (id);


--
-- Name: django_content_type django_content_type_app_label_model_76bd3d3b_uniq; Type: CONSTRAINT; Schema: public; Owner: postgres
--

ALTER TABLE ONLY public.django_content_type
    ADD CONSTRAINT django_content_type_app_label_model_76bd3d3b_uniq UNIQUE (app_label, model);


--
-- Name: django_content_type django_content_type_pkey; Type: CONSTRAINT; Schema: public; Owner: postgres
--

ALTER TABLE ONLY public.django_content_type
    ADD CONSTRAINT django_content_type_pkey PRIMARY KEY (id);


--
-- Name: django_migrations django_migrations_pkey; Type: CONSTRAINT; Schema: public; Owner: postgres
--

ALTER TABLE ONLY public.django_migrations
    ADD CONSTRAINT django_migrations_pkey PRIMARY KEY (id);


--
-- Name: django_session django_session_pkey; Type: CONSTRAINT; Schema: public; Owner: postgres
--

ALTER TABLE ONLY public.django_session
    ADD CONSTRAINT django_session_pkey PRIMARY KEY (session_key);


--
-- Name: lab_orders lab_orders_pkey; Type: CONSTRAINT; Schema: public; Owner: postgres
--

ALTER TABLE ONLY public.lab_orders
    ADD CONSTRAINT lab_orders_pkey PRIMARY KEY (id);


--
-- Name: medication_orders medication_orders_pkey; Type: CONSTRAINT; Schema: public; Owner: postgres
--

ALTER TABLE ONLY public.medication_orders
    ADD CONSTRAINT medication_orders_pkey PRIMARY KEY (id);


--
-- Name: patients patients_mrn_key; Type: CONSTRAINT; Schema: public; Owner: postgres
--

ALTER TABLE ONLY public.patients
    ADD CONSTRAINT patients_mrn_key UNIQUE (mrn);


--
-- Name: patients patients_pkey; Type: CONSTRAINT; Schema: public; Owner: postgres
--

ALTER TABLE ONLY public.patients
    ADD CONSTRAINT patients_pkey PRIMARY KEY (id);


--
-- Name: patients patients_user_id_key; Type: CONSTRAINT; Schema: public; Owner: postgres
--

ALTER TABLE ONLY public.patients
    ADD CONSTRAINT patients_user_id_key UNIQUE (user_id);


--
-- Name: token_blacklist_blacklistedtoken token_blacklist_blacklistedtoken_pkey; Type: CONSTRAINT; Schema: public; Owner: postgres
--

ALTER TABLE ONLY public.token_blacklist_blacklistedtoken
    ADD CONSTRAINT token_blacklist_blacklistedtoken_pkey PRIMARY KEY (id);


--
-- Name: token_blacklist_blacklistedtoken token_blacklist_blacklistedtoken_token_id_key; Type: CONSTRAINT; Schema: public; Owner: postgres
--

ALTER TABLE ONLY public.token_blacklist_blacklistedtoken
    ADD CONSTRAINT token_blacklist_blacklistedtoken_token_id_key UNIQUE (token_id);


--
-- Name: token_blacklist_outstandingtoken token_blacklist_outstandingtoken_jti_hex_d9bdf6f7_uniq; Type: CONSTRAINT; Schema: public; Owner: postgres
--

ALTER TABLE ONLY public.token_blacklist_outstandingtoken
    ADD CONSTRAINT token_blacklist_outstandingtoken_jti_hex_d9bdf6f7_uniq UNIQUE (jti);


--
-- Name: token_blacklist_outstandingtoken token_blacklist_outstandingtoken_pkey; Type: CONSTRAINT; Schema: public; Owner: postgres
--

ALTER TABLE ONLY public.token_blacklist_outstandingtoken
    ADD CONSTRAINT token_blacklist_outstandingtoken_pkey PRIMARY KEY (id);


--
-- Name: users_groups users_groups_pkey; Type: CONSTRAINT; Schema: public; Owner: postgres
--

ALTER TABLE ONLY public.users_groups
    ADD CONSTRAINT users_groups_pkey PRIMARY KEY (id);


--
-- Name: users_groups users_groups_user_id_group_id_fc7788e8_uniq; Type: CONSTRAINT; Schema: public; Owner: postgres
--

ALTER TABLE ONLY public.users_groups
    ADD CONSTRAINT users_groups_user_id_group_id_fc7788e8_uniq UNIQUE (user_id, group_id);


--
-- Name: users users_pkey; Type: CONSTRAINT; Schema: public; Owner: postgres
--

ALTER TABLE ONLY public.users
    ADD CONSTRAINT users_pkey PRIMARY KEY (id);


--
-- Name: users_user_permissions users_user_permissions_pkey; Type: CONSTRAINT; Schema: public; Owner: postgres
--

ALTER TABLE ONLY public.users_user_permissions
    ADD CONSTRAINT users_user_permissions_pkey PRIMARY KEY (id);


--
-- Name: users_user_permissions users_user_permissions_user_id_permission_id_3b86cbdf_uniq; Type: CONSTRAINT; Schema: public; Owner: postgres
--

ALTER TABLE ONLY public.users_user_permissions
    ADD CONSTRAINT users_user_permissions_user_id_permission_id_3b86cbdf_uniq UNIQUE (user_id, permission_id);


--
-- Name: users users_username_key; Type: CONSTRAINT; Schema: public; Owner: postgres
--

ALTER TABLE ONLY public.users
    ADD CONSTRAINT users_username_key UNIQUE (username);


--
-- Name: appointment_starts__4d75a3_idx; Type: INDEX; Schema: public; Owner: postgres
--

CREATE INDEX appointment_starts__4d75a3_idx ON public.appointments USING btree (starts_at, status);


--
-- Name: appointments_booked_by_id_9465969e; Type: INDEX; Schema: public; Owner: postgres
--

CREATE INDEX appointments_booked_by_id_9465969e ON public.appointments USING btree (booked_by_id);


--
-- Name: appointments_patient_id_b2db55d3; Type: INDEX; Schema: public; Owner: postgres
--

CREATE INDEX appointments_patient_id_b2db55d3 ON public.appointments USING btree (patient_id);


--
-- Name: appointments_provider_id_6f091f90; Type: INDEX; Schema: public; Owner: postgres
--

CREATE INDEX appointments_provider_id_6f091f90 ON public.appointments USING btree (provider_id);


--
-- Name: auth_group_name_a6ea08ec_like; Type: INDEX; Schema: public; Owner: postgres
--

CREATE INDEX auth_group_name_a6ea08ec_like ON public.auth_group USING btree (name varchar_pattern_ops);


--
-- Name: auth_group_permissions_group_id_b120cbf9; Type: INDEX; Schema: public; Owner: postgres
--

CREATE INDEX auth_group_permissions_group_id_b120cbf9 ON public.auth_group_permissions USING btree (group_id);


--
-- Name: auth_group_permissions_permission_id_84c5c92e; Type: INDEX; Schema: public; Owner: postgres
--

CREATE INDEX auth_group_permissions_permission_id_84c5c92e ON public.auth_group_permissions USING btree (permission_id);


--
-- Name: auth_permission_content_type_id_2f476e4b; Type: INDEX; Schema: public; Owner: postgres
--

CREATE INDEX auth_permission_content_type_id_2f476e4b ON public.auth_permission USING btree (content_type_id);


--
-- Name: django_admin_log_content_type_id_c4bce8eb; Type: INDEX; Schema: public; Owner: postgres
--

CREATE INDEX django_admin_log_content_type_id_c4bce8eb ON public.django_admin_log USING btree (content_type_id);


--
-- Name: django_admin_log_user_id_c564eba6; Type: INDEX; Schema: public; Owner: postgres
--

CREATE INDEX django_admin_log_user_id_c564eba6 ON public.django_admin_log USING btree (user_id);


--
-- Name: django_session_expire_date_a5c62663; Type: INDEX; Schema: public; Owner: postgres
--

CREATE INDEX django_session_expire_date_a5c62663 ON public.django_session USING btree (expire_date);


--
-- Name: django_session_session_key_c0390e0f_like; Type: INDEX; Schema: public; Owner: postgres
--

CREATE INDEX django_session_session_key_c0390e0f_like ON public.django_session USING btree (session_key varchar_pattern_ops);


--
-- Name: lab_orders_patient_id_4685ba7e; Type: INDEX; Schema: public; Owner: postgres
--

CREATE INDEX lab_orders_patient_id_4685ba7e ON public.lab_orders USING btree (patient_id);


--
-- Name: medication_orders_patient_id_c577303b; Type: INDEX; Schema: public; Owner: postgres
--

CREATE INDEX medication_orders_patient_id_c577303b ON public.medication_orders USING btree (patient_id);


--
-- Name: patients_mrn_3e097229_like; Type: INDEX; Schema: public; Owner: postgres
--

CREATE INDEX patients_mrn_3e097229_like ON public.patients USING btree (mrn varchar_pattern_ops);


--
-- Name: patients_mrn_825f25_idx; Type: INDEX; Schema: public; Owner: postgres
--

CREATE INDEX patients_mrn_825f25_idx ON public.patients USING btree (mrn, last_name);


--
-- Name: token_blacklist_outstandingtoken_jti_hex_d9bdf6f7_like; Type: INDEX; Schema: public; Owner: postgres
--

CREATE INDEX token_blacklist_outstandingtoken_jti_hex_d9bdf6f7_like ON public.token_blacklist_outstandingtoken USING btree (jti varchar_pattern_ops);


--
-- Name: token_blacklist_outstandingtoken_user_id_83bc629a; Type: INDEX; Schema: public; Owner: postgres
--

CREATE INDEX token_blacklist_outstandingtoken_user_id_83bc629a ON public.token_blacklist_outstandingtoken USING btree (user_id);


--
-- Name: users_groups_group_id_2f3517aa; Type: INDEX; Schema: public; Owner: postgres
--

CREATE INDEX users_groups_group_id_2f3517aa ON public.users_groups USING btree (group_id);


--
-- Name: users_groups_user_id_f500bee5; Type: INDEX; Schema: public; Owner: postgres
--

CREATE INDEX users_groups_user_id_f500bee5 ON public.users_groups USING btree (user_id);


--
-- Name: users_user_permissions_permission_id_6d08dcd2; Type: INDEX; Schema: public; Owner: postgres
--

CREATE INDEX users_user_permissions_permission_id_6d08dcd2 ON public.users_user_permissions USING btree (permission_id);


--
-- Name: users_user_permissions_user_id_92473840; Type: INDEX; Schema: public; Owner: postgres
--

CREATE INDEX users_user_permissions_user_id_92473840 ON public.users_user_permissions USING btree (user_id);


--
-- Name: users_username_e8658fc8_like; Type: INDEX; Schema: public; Owner: postgres
--

CREATE INDEX users_username_e8658fc8_like ON public.users USING btree (username varchar_pattern_ops);


--
-- Name: appointments appointments_booked_by_id_9465969e_fk_users_id; Type: FK CONSTRAINT; Schema: public; Owner: postgres
--

ALTER TABLE ONLY public.appointments
    ADD CONSTRAINT appointments_booked_by_id_9465969e_fk_users_id FOREIGN KEY (booked_by_id) REFERENCES public.users(id) DEFERRABLE INITIALLY DEFERRED;


--
-- Name: appointments appointments_patient_id_b2db55d3_fk_patients_id; Type: FK CONSTRAINT; Schema: public; Owner: postgres
--

ALTER TABLE ONLY public.appointments
    ADD CONSTRAINT appointments_patient_id_b2db55d3_fk_patients_id FOREIGN KEY (patient_id) REFERENCES public.patients(id) DEFERRABLE INITIALLY DEFERRED;


--
-- Name: appointments appointments_provider_id_6f091f90_fk_users_id; Type: FK CONSTRAINT; Schema: public; Owner: postgres
--

ALTER TABLE ONLY public.appointments
    ADD CONSTRAINT appointments_provider_id_6f091f90_fk_users_id FOREIGN KEY (provider_id) REFERENCES public.users(id) DEFERRABLE INITIALLY DEFERRED;


--
-- Name: auth_group_permissions auth_group_permissio_permission_id_84c5c92e_fk_auth_perm; Type: FK CONSTRAINT; Schema: public; Owner: postgres
--

ALTER TABLE ONLY public.auth_group_permissions
    ADD CONSTRAINT auth_group_permissio_permission_id_84c5c92e_fk_auth_perm FOREIGN KEY (permission_id) REFERENCES public.auth_permission(id) DEFERRABLE INITIALLY DEFERRED;


--
-- Name: auth_group_permissions auth_group_permissions_group_id_b120cbf9_fk_auth_group_id; Type: FK CONSTRAINT; Schema: public; Owner: postgres
--

ALTER TABLE ONLY public.auth_group_permissions
    ADD CONSTRAINT auth_group_permissions_group_id_b120cbf9_fk_auth_group_id FOREIGN KEY (group_id) REFERENCES public.auth_group(id) DEFERRABLE INITIALLY DEFERRED;


--
-- Name: auth_permission auth_permission_content_type_id_2f476e4b_fk_django_co; Type: FK CONSTRAINT; Schema: public; Owner: postgres
--

ALTER TABLE ONLY public.auth_permission
    ADD CONSTRAINT auth_permission_content_type_id_2f476e4b_fk_django_co FOREIGN KEY (content_type_id) REFERENCES public.django_content_type(id) DEFERRABLE INITIALLY DEFERRED;


--
-- Name: django_admin_log django_admin_log_content_type_id_c4bce8eb_fk_django_co; Type: FK CONSTRAINT; Schema: public; Owner: postgres
--

ALTER TABLE ONLY public.django_admin_log
    ADD CONSTRAINT django_admin_log_content_type_id_c4bce8eb_fk_django_co FOREIGN KEY (content_type_id) REFERENCES public.django_content_type(id) DEFERRABLE INITIALLY DEFERRED;


--
-- Name: django_admin_log django_admin_log_user_id_c564eba6_fk_users_id; Type: FK CONSTRAINT; Schema: public; Owner: postgres
--

ALTER TABLE ONLY public.django_admin_log
    ADD CONSTRAINT django_admin_log_user_id_c564eba6_fk_users_id FOREIGN KEY (user_id) REFERENCES public.users(id) DEFERRABLE INITIALLY DEFERRED;


--
-- Name: lab_orders lab_orders_patient_id_4685ba7e_fk_patients_id; Type: FK CONSTRAINT; Schema: public; Owner: postgres
--

ALTER TABLE ONLY public.lab_orders
    ADD CONSTRAINT lab_orders_patient_id_4685ba7e_fk_patients_id FOREIGN KEY (patient_id) REFERENCES public.patients(id) DEFERRABLE INITIALLY DEFERRED;


--
-- Name: medication_orders medication_orders_patient_id_c577303b_fk_patients_id; Type: FK CONSTRAINT; Schema: public; Owner: postgres
--

ALTER TABLE ONLY public.medication_orders
    ADD CONSTRAINT medication_orders_patient_id_c577303b_fk_patients_id FOREIGN KEY (patient_id) REFERENCES public.patients(id) DEFERRABLE INITIALLY DEFERRED;


--
-- Name: patients patients_user_id_11c42fa7_fk_users_id; Type: FK CONSTRAINT; Schema: public; Owner: postgres
--

ALTER TABLE ONLY public.patients
    ADD CONSTRAINT patients_user_id_11c42fa7_fk_users_id FOREIGN KEY (user_id) REFERENCES public.users(id) DEFERRABLE INITIALLY DEFERRED;


--
-- Name: token_blacklist_blacklistedtoken token_blacklist_blacklistedtoken_token_id_3cc7fe56_fk; Type: FK CONSTRAINT; Schema: public; Owner: postgres
--

ALTER TABLE ONLY public.token_blacklist_blacklistedtoken
    ADD CONSTRAINT token_blacklist_blacklistedtoken_token_id_3cc7fe56_fk FOREIGN KEY (token_id) REFERENCES public.token_blacklist_outstandingtoken(id) DEFERRABLE INITIALLY DEFERRED;


--
-- Name: token_blacklist_outstandingtoken token_blacklist_outstandingtoken_user_id_83bc629a_fk_users_id; Type: FK CONSTRAINT; Schema: public; Owner: postgres
--

ALTER TABLE ONLY public.token_blacklist_outstandingtoken
    ADD CONSTRAINT token_blacklist_outstandingtoken_user_id_83bc629a_fk_users_id FOREIGN KEY (user_id) REFERENCES public.users(id) DEFERRABLE INITIALLY DEFERRED;


--
-- Name: users_groups users_groups_group_id_2f3517aa_fk_auth_group_id; Type: FK CONSTRAINT; Schema: public; Owner: postgres
--

ALTER TABLE ONLY public.users_groups
    ADD CONSTRAINT users_groups_group_id_2f3517aa_fk_auth_group_id FOREIGN KEY (group_id) REFERENCES public.auth_group(id) DEFERRABLE INITIALLY DEFERRED;


--
-- Name: users_groups users_groups_user_id_f500bee5_fk_users_id; Type: FK CONSTRAINT; Schema: public; Owner: postgres
--

ALTER TABLE ONLY public.users_groups
    ADD CONSTRAINT users_groups_user_id_f500bee5_fk_users_id FOREIGN KEY (user_id) REFERENCES public.users(id) DEFERRABLE INITIALLY DEFERRED;


--
-- Name: users_user_permissions users_user_permissio_permission_id_6d08dcd2_fk_auth_perm; Type: FK CONSTRAINT; Schema: public; Owner: postgres
--

ALTER TABLE ONLY public.users_user_permissions
    ADD CONSTRAINT users_user_permissio_permission_id_6d08dcd2_fk_auth_perm FOREIGN KEY (permission_id) REFERENCES public.auth_permission(id) DEFERRABLE INITIALLY DEFERRED;


--
-- Name: users_user_permissions users_user_permissions_user_id_92473840_fk_users_id; Type: FK CONSTRAINT; Schema: public; Owner: postgres
--

ALTER TABLE ONLY public.users_user_permissions
    ADD CONSTRAINT users_user_permissions_user_id_92473840_fk_users_id FOREIGN KEY (user_id) REFERENCES public.users(id) DEFERRABLE INITIALLY DEFERRED;


--
-- PostgreSQL database dump complete
--

\unrestrict IjBtZlCI5hUpQuHdGhji4CrSfuwlvanhCzqxJOrdiesJdD70USQ4gtf5oR8HYXD

